"FileName","OriginalPath","CopiedPath","OriginalSHA256","CopiedSHA256","Match"
"Unit_03_Infantry_L1_Concept_Final.png","C:\projects\Unity\AegisRTS.FrameworkLab\ArtSource\Units\Infantry\CHR_Infantry_A\v001\Concepts\Unit_03_Infantry_L1_Concept_Final.png","docs/ArtProduction/ReviewPackages/Infantry_Remaster_Review_Package_v001/L1_Concept/v001/Unit_03_Infantry_L1_Concept_Final.png","C6BD352DE06854F8CD59AC92C891E43A0D40070D8F1AB72613358845847F461F","C6BD352DE06854F8CD59AC92C891E43A0D40070D8F1AB72613358845847F461F","True"
"Unit_03_Infantry_L1_Concept_Alternate.png","C:\projects\Unity\AegisRTS.FrameworkLab\ArtSource\Units\Infantry\CHR_Infantry_A\v001\Concepts\Unit_03_Infantry_L1_Concept_Alternate.png","docs/ArtProduction/ReviewPackages/Infantry_Remaster_Review_Package_v001/L1_Concept/v001/Unit_03_Infantry_L1_Concept_Alternate.png","D0D8BC2793FC1B4DA735F47AE9DEBED8BC11988ED514F3052091A9BFF26C3A7A","D0D8BC2793FC1B4DA735F47AE9DEBED8BC11988ED514F3052091A9BFF26C3A7A","True"
"Unit_03_Infantry_L1_Concept_Final.png","C:\projects\Unity\AegisRTS.FrameworkLab\ArtSource\Units\Infantry\CHR_Infantry_A\v002\Reference\Unit_03_Infantry_L1_Concept_Final.png","docs/ArtProduction/ReviewPackages/Infantry_Remaster_Review_Package_v001/L1_Concept/v002_LinkedReference/Unit_03_Infantry_L1_Concept_Final.png","C6BD352DE06854F8CD59AC92C891E43A0D40070D8F1AB72613358845847F461F","C6BD352DE06854F8CD59AC92C891E43A0D40070D8F1AB72613358845847F461F","True"
"PREVIEW_Dimensions_Front.png","C:\projects\Unity\AegisRTS.FrameworkLab\ArtSource\Units\Infantry\CHR_Infantry_A\v001\Previews\Dimensions\PREVIEW_Dimensions_Front.png","docs/ArtProduction/ReviewPackages/Infantry_Remaster_Review_Package_v001/L2_Reference/v001/PREVIEW_Dimensions_Front.png","9D3E8E9A33C489E0700830ACDE85526F33255D94BBEDB76F9ED189637E7D370C","9D3E8E9A33C489E0700830ACDE85526F33255D94BBEDB76F9ED189637E7D370C","True"
"UV_Infantry_A_Base_LOD0.png","C:\projects\Unity\AegisRTS.FrameworkLab\ArtSource\Units\Infantry\CHR_Infantry_A\v001\UV\UV_Infantry_A_Base_LOD0.png","docs/ArtProduction/ReviewPackages/Infantry_Remaster_Review_Package_v001/L2_Reference/v001/UV_Infantry_A_Base_LOD0.png","959CF9B3B185A54D41231992F9DB4616BA1AC7F2C4A01E3FE7E063FE13662982","959CF9B3B185A54D41231992F9DB4616BA1AC7F2C4A01E3FE7E063FE13662982","True"
"UV_Infantry_A_TeamColor_LOD0.png","C:\projects\Unity\AegisRTS.FrameworkLab\ArtSource\Units\Infantry\CHR_Infantry_A\v001\UV\UV_Infantry_A_TeamColor_LOD0.png","docs/ArtProduction/ReviewPackages/Infantry_Remaster_Review_Package_v001/L2_Reference/v001/UV_Infantry_A_TeamColor_LOD0.png","C5FBB57ECFABD5C8B1EBF546DF950CBD899EE939B1D18D2106545EBF07E8D9DD","C5FBB57ECFABD5C8B1EBF546DF950CBD899EE939B1D18D2106545EBF07E8D9DD","True"
"CHR_Infantry_A_v002.blend","C:\projects\Unity\AegisRTS.FrameworkLab\ArtSource\Units\Infantry\CHR_Infantry_A\v002\Source\CHR_Infantry_A_v002.blend","docs/ArtProduction/ReviewPackages/Infantry_Remaster_Review_Package_v001/L3_Source/CHR_Infantry_A_v002.blend","5D9D93F9559D2A1608FB4B57A7BC0AC284C4F3ED99BA826F0A5E98E1D5F51632","5D9D93F9559D2A1608FB4B57A7BC0AC284C4F3ED99BA826F0A5E98E1D5F51632","True"
"BUILD_RESULT.json","C:\projects\Unity\AegisRTS.FrameworkLab\ArtSource\Units\Infantry\CHR_Infantry_A\v002\Source\BUILD_RESULT.json","docs/ArtProduction/ReviewPackages/Infantry_Remaster_Review_Package_v001/L3_Source/BUILD_RESULT.json","00C4C364E7E625E9F7B126A569057330EA648D8820A2B0765A110237B883389D","00C4C364E7E625E9F7B126A569057330EA648D8820A2B0765A110237B883389D","True"
"SK_Infantry_A_v002.fbx","C:\projects\Unity\AegisRTS.FrameworkLab\ArtSource\Units\Infantry\CHR_Infantry_A\v002\Models\SK_Infantry_A_v002.fbx","docs/ArtProduction/ReviewPackages/Infantry_Remaster_Review_Package_v001/Runtime_Models/Current_SourceExport/SK_Infantry_A_v002.fbx","16B698ACC8797C80E0153D51916A9825D26453CCFF6A7289C46F5EF99F846468","16B698ACC8797C80E0153D51916A9825D26453CCFF6A7289C46F5EF99F846468","True"
"CHR_Infantry_A_v001_LOD0_Blue.glb","C:\projects\Unity\AegisRTS.FrameworkLab\ArtSource\Units\Infantry\CHR_Infantry_A\v001\Models\CHR_Infantry_A_v001_LOD0_Blue.glb","docs/ArtProduction/ReviewPackages/Infantry_Remaster_Review_Package_v001/Runtime_Models/Legacy_v001/CHR_Infantry_A_v001_LOD0_Blue.glb","2500D04041D0A87C9597D93B9C7D54F6306AC1EC6CF54895E10EC9ADE6DBEDE2","2500D04041D0A87C9597D93B9C7D54F6306AC1EC6CF54895E10EC9ADE6DBEDE2","True"
"CHR_Infantry_A_v001_LOD0_Red.glb","C:\projects\Unity\AegisRTS.FrameworkLab\ArtSource\Units\Infantry\CHR_Infantry_A\v001\Models\CHR_Infantry_A_v001_LOD0_Red.glb","docs/ArtProduction/ReviewPackages/Infantry_Remaster_Review_Package_v001/Runtime_Models/Legacy_v001/CHR_Infantry_A_v001_LOD0_Red.glb","517CC25884924A799407B8BB67FF49CBEAF4A838C09A6E0BBAB57A438E4E9A8D","517CC25884924A799407B8BB67FF49CBEAF4A838C09A6E0BBAB57A438E4E9A8D","True"
"CHR_Infantry_A_v001_LOD1_Blue.glb","C:\projects\Unity\AegisRTS.FrameworkLab\ArtSource\Units\Infantry\CHR_Infantry_A\v001\Models\CHR_Infantry_A_v001_LOD1_Blue.glb","docs/ArtProduction/ReviewPackages/Infantry_Remaster_Review_Package_v001/Runtime_Models/Legacy_v001/CHR_Infantry_A_v001_LOD1_Blue.glb","B80E69F891166B0599A2B74040EF95942FA588CF22EFFE57D4CBAC06137C5749","B80E69F891166B0599A2B74040EF95942FA588CF22EFFE57D4CBAC06137C5749","True"
"CHR_Infantry_A_v001_LOD1_Red.glb","C:\projects\Unity\AegisRTS.FrameworkLab\ArtSource\Units\Infantry\CHR_Infantry_A\v001\Models\CHR_Infantry_A_v001_LOD1_Red.glb","docs/ArtProduction/ReviewPackages/Infantry_Remaster_Review_Package_v001/Runtime_Models/Legacy_v001/CHR_Infantry_A_v001_LOD1_Red.glb","E5AC52D7CC74E5BBCB07C1D9D30F62F119927745DD09EBC158672621D5C01C31","E5AC52D7CC74E5BBCB07C1D9D30F62F119927745DD09EBC158672621D5C01C31","True"
"CHR_Infantry_A_v001_LOD0_Blue.glb","C:\projects\Unity\AegisRTS.FrameworkLab\ArtSource\Units\Infantry\CHR_Infantry_A\v002\Input_v001\CHR_Infantry_A_v001_LOD0_Blue.glb","docs/ArtProduction/ReviewPackages/Infantry_Remaster_Review_Package_v001/Runtime_Models/v002_Input_v001/CHR_Infantry_A_v001_LOD0_Blue.glb","2500D04041D0A87C9597D93B9C7D54F6306AC1EC6CF54895E10EC9ADE6DBEDE2","2500D04041D0A87C9597D93B9C7D54F6306AC1EC6CF54895E10EC9ADE6DBEDE2","True"
"CHR_Infantry_A_v001_LOD1_Blue.glb","C:\projects\Unity\AegisRTS.FrameworkLab\ArtSource\Units\Infantry\CHR_Infantry_A\v002\Input_v001\CHR_Infantry_A_v001_LOD1_Blue.glb","docs/ArtProduction/ReviewPackages/Infantry_Remaster_Review_Package_v001/Runtime_Models/v002_Input_v001/CHR_Infantry_A_v001_LOD1_Blue.glb","B80E69F891166B0599A2B74040EF95942FA588CF22EFFE57D4CBAC06137C5749","B80E69F891166B0599A2B74040EF95942FA588CF22EFFE57D4CBAC06137C5749","True"
"ContentPack.json","C:\projects\Unity\AegisRTS.FrameworkLab\Assets\AegisRTS\Content\PrototypeNeutral\ContentPack.json","docs/ArtProduction/ReviewPackages/Infantry_Remaster_Review_Package_v001/Unity/ContentBinding/ContentPack.json","AE3A9617E7EEC2607F0C47B1E0F75B9B29A19AD016151400320D6AF2E8AFB988","AE3A9617E7EEC2607F0C47B1E0F75B9B29A19AD016151400320D6AF2E8AFB988","True"
"ContentPack.json.meta","C:\projects\Unity\AegisRTS.FrameworkLab\Assets\AegisRTS\Content\PrototypeNeutral\ContentPack.json.meta","docs/ArtProduction/ReviewPackages/Infantry_Remaster_Review_Package_v001/Unity/ContentBinding/ContentPack.json.meta","936AF85A58B68E630815EA57E488809519B22CDF41858A8BC9B15F52B140A164","936AF85A58B68E630815EA57E488809519B22CDF41858A8BC9B15F52B140A164","True"
"PF_Unit_Infantry.prefab","C:\projects\Unity\AegisRTS.FrameworkLab\Assets\AegisRTS\Content\Shared\Art\Units\Infantry\Resources\AegisRTS\Units\Infantry\PF_Unit_Infantry.prefab","docs/ArtProduction/ReviewPackages/Infantry_Remaster_Review_Package_v001/Unity/Prefabs/PF_Unit_Infantry.prefab","190BF9ED783F2594CEBC259D36DDAACFC886CFA8A3D5B0D44CCDC2C6875B5D34","190BF9ED783F2594CEBC259D36DDAACFC886CFA8A3D5B0D44CCDC2C6875B5D34","True"
"PF_Unit_Infantry.prefab.meta","C:\projects\Unity\AegisRTS.FrameworkLab\Assets\AegisRTS\Content\Shared\Art\Units\Infantry\Resources\AegisRTS\Units\Infantry\PF_Unit_Infantry.prefab.meta","docs/ArtProduction/ReviewPackages/Infantry_Remaster_Review_Package_v001/Unity/Prefabs/PF_Unit_Infantry.prefab.meta","52748FEFA8FD7F59B4AB7255473A4C7DF1A167E74352BD66C03CF3A7785CBD94","52748FEFA8FD7F59B4AB7255473A4C7DF1A167E74352BD66C03CF3A7785CBD94","True"
"SK_Infantry_A_v002.fbx","C:\projects\Unity\AegisRTS.FrameworkLab\Assets\AegisRTS\Content\Shared\Art\Units\Infantry\Models\SK_Infantry_A_v002.fbx","docs/ArtProduction/ReviewPackages/Infantry_Remaster_Review_Package_v001/Unity/ModelImports/Current/SK_Infantry_A_v002.fbx","16B698ACC8797C80E0153D51916A9825D26453CCFF6A7289C46F5EF99F846468","16B698ACC8797C80E0153D51916A9825D26453CCFF6A7289C46F5EF99F846468","True"
"SK_Infantry_A_v002.fbx.meta","C:\projects\Unity\AegisRTS.FrameworkLab\Assets\AegisRTS\Content\Shared\Art\Units\Infantry\Models\SK_Infantry_A_v002.fbx.meta","docs/ArtProduction/ReviewPackages/Infantry_Remaster_Review_Package_v001/Unity/ModelImports/Current/SK_Infantry_A_v002.fbx.meta","41C68D8F960455338168ED0C57D43410295DFE697C97D0C4DB00941EBD7399DF","41C68D8F960455338168ED0C57D43410295DFE697C97D0C4DB00941EBD7399DF","True"
"CHR_Infantry_A_v001_LOD0.glb","C:\projects\Unity\AegisRTS.FrameworkLab\Assets\AegisRTS\Content\Shared\Art\Units\Infantry\Models\CHR_Infantry_A_v001_LOD0.glb","docs/ArtProduction/ReviewPackages/Infantry_Remaster_Review_Package_v001/Unity/ModelImports/Legacy/CHR_Infantry_A_v001_LOD0.glb","2500D04041D0A87C9597D93B9C7D54F6306AC1EC6CF54895E10EC9ADE6DBEDE2","2500D04041D0A87C9597D93B9C7D54F6306AC1EC6CF54895E10EC9ADE6DBEDE2","True"
"CHR_Infantry_A_v001_LOD0.glb.meta","C:\projects\Unity\AegisRTS.FrameworkLab\Assets\AegisRTS\Content\Shared\Art\Units\Infantry\Models\CHR_Infantry_A_v001_LOD0.glb.meta","docs/ArtProduction/ReviewPackages/Infantry_Remaster_Review_Package_v001/Unity/ModelImports/Legacy/CHR_Infantry_A_v001_LOD0.glb.meta","4B569609E42416A949F3A518C0FE7E325E87E69A2099793D8F212731AA2EF275","4B569609E42416A949F3A518C0FE7E325E87E69A2099793D8F212731AA2EF275","True"
"CHR_Infantry_A_v001_LOD1.glb","C:\projects\Unity\AegisRTS.FrameworkLab\Assets\AegisRTS\Content\Shared\Art\Units\Infantry\Models\CHR_Infantry_A_v001_LOD1.glb","docs/ArtProduction/ReviewPackages/Infantry_Remaster_Review_Package_v001/Unity/ModelImports/Legacy/CHR_Infantry_A_v001_LOD1.glb","B80E69F891166B0599A2B74040EF95942FA588CF22EFFE57D4CBAC06137C5749","B80E69F891166B0599A2B74040EF95942FA588CF22EFFE57D4CBAC06137C5749","True"
"CHR_Infantry_A_v001_LOD1.glb.meta","C:\projects\Unity\AegisRTS.FrameworkLab\Assets\AegisRTS\Content\Shared\Art\Units\Infantry\Models\CHR_Infantry_A_v001_LOD1.glb.meta","docs/ArtProduction/ReviewPackages/Infantry_Remaster_Review_Package_v001/Unity/ModelImports/Legacy/CHR_Infantry_A_v001_LOD1.glb.meta","E96F806F8F7B7E6A3B85782986C9018C3F53159C48BF73417FA9758C46BEB528","E96F806F8F7B7E6A3B85782986C9018C3F53159C48BF73417FA9758C46BEB528","True"
"AC_Infantry.controller","C:\projects\Unity\AegisRTS.FrameworkLab\Assets\AegisRTS\Content\Shared\Art\Units\Infantry\Animations\AC_Infantry.controller","docs/ArtProduction/ReviewPackages/Infantry_Remaster_Review_Package_v001/Unity/Animator/AC_Infantry.controller","844321944C86597402593533393694C6B3CB9A885A2DFC29FF05CEEDF276C237","844321944C86597402593533393694C6B3CB9A885A2DFC29FF05CEEDF276C237","True"
"AC_Infantry.controller.meta","C:\projects\Unity\AegisRTS.FrameworkLab\Assets\AegisRTS\Content\Shared\Art\Units\Infantry\Animations\AC_Infantry.controller.meta","docs/ArtProduction/ReviewPackages/Infantry_Remaster_Review_Package_v001/Unity/Animator/AC_Infantry.controller.meta","171891721C99DC364541B06E06697951068A277B787057287C85C980A8927C03","171891721C99DC364541B06E06697951068A277B787057287C85C980A8927C03","True"
"SM_Infantry_A_LOD0_Base.asset","C:\projects\Unity\AegisRTS.FrameworkLab\Assets\AegisRTS\Content\Shared\Art\Units\Infantry\Meshes\SM_Infantry_A_LOD0_Base.asset","docs/ArtProduction/ReviewPackages/Infantry_Remaster_Review_Package_v001/Unity/LegacyMeshes/SM_Infantry_A_LOD0_Base.asset","FC29E119F867469F260DF51E27B65C085C05D7BF8DEB5FAF76C26E0C8EE69BFF","FC29E119F867469F260DF51E27B65C085C05D7BF8DEB5FAF76C26E0C8EE69BFF","True"
"SM_Infantry_A_LOD0_Base.asset.meta","C:\projects\Unity\AegisRTS.FrameworkLab\Assets\AegisRTS\Content\Shared\Art\Units\Infantry\Meshes\SM_Infantry_A_LOD0_Base.asset.meta","docs/ArtProduction/ReviewPackages/Infantry_Remaster_Review_Package_v001/Unity/LegacyMeshes/SM_Infantry_A_LOD0_Base.asset.meta","22D4B3FEA121B9C59C7CC95C623D880058A9D1B890EE33D8124505ECBAA0AA16","22D4B3FEA121B9C59C7CC95C623D880058A9D1B890EE33D8124505ECBAA0AA16","True"
"SM_Infantry_A_LOD0_Team.asset","C:\projects\Unity\AegisRTS.FrameworkLab\Assets\AegisRTS\Content\Shared\Art\Units\Infantry\Meshes\SM_Infantry_A_LOD0_Team.asset","docs/ArtProduction/ReviewPackages/Infantry_Remaster_Review_Package_v001/Unity/LegacyMeshes/SM_Infantry_A_LOD0_Team.asset","43709B8A4313B12CEEDBA091F51D04A0DAFA6835F7605E3D20DB9D17AF58B3E3","43709B8A4313B12CEEDBA091F51D04A0DAFA6835F7605E3D20DB9D17AF58B3E3","True"
"SM_Infantry_A_LOD0_Team.asset.meta","C:\projects\Unity\AegisRTS.FrameworkLab\Assets\AegisRTS\Content\Shared\Art\Units\Infantry\Meshes\SM_Infantry_A_LOD0_Team.asset.meta","docs/ArtProduction/ReviewPackages/Infantry_Remaster_Review_Package_v001/Unity/LegacyMeshes/SM_Infantry_A_LOD0_Team.asset.meta","90A46ED9A3DDADB4AAF97450B70C25CFA8EE933FDB5F1264656EF4A39F6324C1","90A46ED9A3DDADB4AAF97450B70C25CFA8EE933FDB5F1264656EF4A39F6324C1","True"
"SM_Infantry_A_LOD1_Base.asset","C:\projects\Unity\AegisRTS.FrameworkLab\Assets\AegisRTS\Content\Shared\Art\Units\Infantry\Meshes\SM_Infantry_A_LOD1_Base.asset","docs/ArtProduction/ReviewPackages/Infantry_Remaster_Review_Package_v001/Unity/LegacyMeshes/SM_Infantry_A_LOD1_Base.asset","BB2DB2577B28A180E5FC2480A3918750C6A13C53D4E991166AB2B0BC86E08444","BB2DB2577B28A180E5FC2480A3918750C6A13C53D4E991166AB2B0BC86E08444","True"
"SM_Infantry_A_LOD1_Base.asset.meta","C:\projects\Unity\AegisRTS.FrameworkLab\Assets\AegisRTS\Content\Shared\Art\Units\Infantry\Meshes\SM_Infantry_A_LOD1_Base.asset.meta","docs/ArtProduction/ReviewPackages/Infantry_Remaster_Review_Package_v001/Unity/LegacyMeshes/SM_Infantry_A_LOD1_Base.asset.meta","B449BD931BAE3DB9EFADF46840FAE85A451E15831E23CB7B24E7E806220F511C","B449BD931BAE3DB9EFADF46840FAE85A451E15831E23CB7B24E7E806220F511C","True"
"SM_Infantry_A_LOD1_Team.asset","C:\projects\Unity\AegisRTS.FrameworkLab\Assets\AegisRTS\Content\Shared\Art\Units\Infantry\Meshes\SM_Infantry_A_LOD1_Team.asset","docs/ArtProduction/ReviewPackages/Infantry_Remaster_Review_Package_v001/Unity/LegacyMeshes/SM_Infantry_A_LOD1_Team.asset","ADB01630EDCCA7CF0EF1CF23A1B50DB7A0E30D9867BFA3E0FFEF2A02B90CFF40","ADB01630EDCCA7CF0EF1CF23A1B50DB7A0E30D9867BFA3E0FFEF2A02B90CFF40","True"
"SM_Infantry_A_LOD1_Team.asset.meta","C:\projects\Unity\AegisRTS.FrameworkLab\Assets\AegisRTS\Content\Shared\Art\Units\Infantry\Meshes\SM_Infantry_A_LOD1_Team.asset.meta","docs/ArtProduction/ReviewPackages/Infantry_Remaster_Review_Package_v001/Unity/LegacyMeshes/SM_Infantry_A_LOD1_Team.asset.meta","8F30CC79A7699702CCA9FE05AA00C7024A1454EAB4CD417841AFFCB496E2335D","8F30CC79A7699702CCA9FE05AA00C7024A1454EAB4CD417841AFFCB496E2335D","True"
"MAT_Infantry_Base.mat","C:\projects\Unity\AegisRTS.FrameworkLab\Assets\AegisRTS\Content\Shared\Art\Units\Infantry\Materials\MAT_Infantry_Base.mat","docs/ArtProduction/ReviewPackages/Infantry_Remaster_Review_Package_v001/Materials/MAT_Infantry_Base.mat","F8057E8593C439C6D2052BE3CC4EDA2D3EBC939AAC01C7FBC35B75B9C1C6B1E4","F8057E8593C439C6D2052BE3CC4EDA2D3EBC939AAC01C7FBC35B75B9C1C6B1E4","True"
"MAT_Infantry_Base.mat.meta","C:\projects\Unity\AegisRTS.FrameworkLab\Assets\AegisRTS\Content\Shared\Art\Units\Infantry\Materials\MAT_Infantry_Base.mat.meta","docs/ArtProduction/ReviewPackages/Infantry_Remaster_Review_Package_v001/Materials/MAT_Infantry_Base.mat.meta","203A75589172326108E9AE2E3F72C12CD3C44DF2CBC84C80FEEF76BB9E5EAD88","203A75589172326108E9AE2E3F72C12CD3C44DF2CBC84C80FEEF76BB9E5EAD88","True"
"MAT_Infantry_TeamColor.mat","C:\projects\Unity\AegisRTS.FrameworkLab\Assets\AegisRTS\Content\Shared\Art\Units\Infantry\Materials\MAT_Infantry_TeamColor.mat","docs/ArtProduction/ReviewPackages/Infantry_Remaster_Review_Package_v001/Materials/MAT_Infantry_TeamColor.mat","E20E62171358D43558F5A8FD45407196F653D2AF66AE819362CD0474A2A98624","E20E62171358D43558F5A8FD45407196F653D2AF66AE819362CD0474A2A98624","True"
"MAT_Infantry_TeamColor.mat.meta","C:\projects\Unity\AegisRTS.FrameworkLab\Assets\AegisRTS\Content\Shared\Art\Units\Infantry\Materials\MAT_Infantry_TeamColor.mat.meta","docs/ArtProduction/ReviewPackages/Infantry_Remaster_Review_Package_v001/Materials/MAT_Infantry_TeamColor.mat.meta","04D48417FC557722C29BD3468C1B5557ADA2A6247474543E42FC023D1E0C14D0","04D48417FC557722C29BD3468C1B5557ADA2A6247474543E42FC023D1E0C14D0","True"
"T_Infantry_A_BaseColor_1K.png","C:\projects\Unity\AegisRTS.FrameworkLab\Assets\AegisRTS\Content\Shared\Art\Units\Infantry\Textures\T_Infantry_A_BaseColor_1K.png","docs/ArtProduction/ReviewPackages/Infantry_Remaster_Review_Package_v001/Textures/T_Infantry_A_BaseColor_1K.png","FF585941300F27B2B63480C34F40AFF1393C34D7FEB9EAAF12ABDB8494E6D5F0","FF585941300F27B2B63480C34F40AFF1393C34D7FEB9EAAF12ABDB8494E6D5F0","True"
"T_Infantry_A_BaseColor_1K.png.meta","C:\projects\Unity\AegisRTS.FrameworkLab\Assets\AegisRTS\Content\Shared\Art\Units\Infantry\Textures\T_Infantry_A_BaseColor_1K.png.meta","docs/ArtProduction/ReviewPackages/Infantry_Remaster_Review_Package_v001/Textures/T_Infantry_A_BaseColor_1K.png.meta","DC5BD4939962DCE8A918121EFF6E5B4C8E5665B7758A86622B9129B1F2E6513D","DC5BD4939962DCE8A918121EFF6E5B4C8E5665B7758A86622B9129B1F2E6513D","True"
"T_Infantry_A_Normal_1K.png","C:\projects\Unity\AegisRTS.FrameworkLab\Assets\AegisRTS\Content\Shared\Art\Units\Infantry\Textures\T_Infantry_A_Normal_1K.png","docs/ArtProduction/ReviewPackages/Infantry_Remaster_Review_Package_v001/Textures/T_Infantry_A_Normal_1K.png","86993E9276B669289B91C2563B704BD0116C0C59AF1949F08C79BFC2E2E8FF9B","86993E9276B669289B91C2563B704BD0116C0C59AF1949F08C79BFC2E2E8FF9B","True"
"T_Infantry_A_Normal_1K.png.meta","C:\projects\Unity\AegisRTS.FrameworkLab\Assets\AegisRTS\Content\Shared\Art\Units\Infantry\Textures\T_Infantry_A_Normal_1K.png.meta","docs/ArtProduction/ReviewPackages/Infantry_Remaster_Review_Package_v001/Textures/T_Infantry_A_Normal_1K.png.meta","2F0AC85D32128DD647993038FA7D443F3DDB4CC121FCFFD93415F08D8EBAF591","2F0AC85D32128DD647993038FA7D443F3DDB4CC121FCFFD93415F08D8EBAF591","True"
"T_Infantry_A_ORM_1K.png","C:\projects\Unity\AegisRTS.FrameworkLab\Assets\AegisRTS\Content\Shared\Art\Units\Infantry\Textures\T_Infantry_A_ORM_1K.png","docs/ArtProduction/ReviewPackages/Infantry_Remaster_Review_Package_v001/Textures/T_Infantry_A_ORM_1K.png","6060E8B2FDC3CA4654D4E2E5A989467882C6F3494254DF7415AD5CD2E4CA1B65","6060E8B2FDC3CA4654D4E2E5A989467882C6F3494254DF7415AD5CD2E4CA1B65","True"
"T_Infantry_A_ORM_1K.png.meta","C:\projects\Unity\AegisRTS.FrameworkLab\Assets\AegisRTS\Content\Shared\Art\Units\Infantry\Textures\T_Infantry_A_ORM_1K.png.meta","docs/ArtProduction/ReviewPackages/Infantry_Remaster_Review_Package_v001/Textures/T_Infantry_A_ORM_1K.png.meta","B4EB5884DB31C8438996E5C328731B19E1724631CF8A8535855143E2540C8AAE","B4EB5884DB31C8438996E5C328731B19E1724631CF8A8535855143E2540C8AAE","True"
"T_Infantry_A_TeamColorMask_1K.png","C:\projects\Unity\AegisRTS.FrameworkLab\Assets\AegisRTS\Content\Shared\Art\Units\Infantry\Textures\T_Infantry_A_TeamColorMask_1K.png","docs/ArtProduction/ReviewPackages/Infantry_Remaster_Review_Package_v001/Textures/T_Infantry_A_TeamColorMask_1K.png","CBBB72337906095BA23BD2E7D91F954644443B4C5A7971377F0EA37CB24DF82F","CBBB72337906095BA23BD2E7D91F954644443B4C5A7971377F0EA37CB24DF82F","True"
"T_Infantry_A_TeamColorMask_1K.png.meta","C:\projects\Unity\AegisRTS.FrameworkLab\Assets\AegisRTS\Content\Shared\Art\Units\Infantry\Textures\T_Infantry_A_TeamColorMask_1K.png.meta","docs/ArtProduction/ReviewPackages/Infantry_Remaster_Review_Package_v001/Textures/T_Infantry_A_TeamColorMask_1K.png.meta","E635352E38DE16776FC566701706E6C86AC700316447D9EEC8C47FE2A4C45A8E","E635352E38DE16776FC566701706E6C86AC700316447D9EEC8C47FE2A4C45A8E","True"
"AN_Infantry_Attack_A.fbx","C:\projects\Unity\AegisRTS.FrameworkLab\ArtSource\Units\Infantry\CHR_Infantry_A\v002\Animations\AN_Infantry_Attack_A.fbx","docs/ArtProduction/ReviewPackages/Infantry_Remaster_Review_Package_v001/Animations/SourceExports/AN_Infantry_Attack_A.fbx","82DD9BC2A910D636C01C86E879FC441B8537F3243C08320955CDC359A7939A7F","82DD9BC2A910D636C01C86E879FC441B8537F3243C08320955CDC359A7939A7F","True"
"AN_Infantry_Death.fbx","C:\projects\Unity\AegisRTS.FrameworkLab\ArtSource\Units\Infantry\CHR_Infantry_A\v002\Animations\AN_Infantry_Death.fbx","docs/ArtProduction/ReviewPackages/Infantry_Remaster_Review_Package_v001/Animations/SourceExports/AN_Infantry_Death.fbx","2D3ECE1DDB0146DF024AB25C9233F6FAD8E9E77CF15562DF14AA1EB9F27BB777","2D3ECE1DDB0146DF024AB25C9233F6FAD8E9E77CF15562DF14AA1EB9F27BB777","True"
"AN_Infantry_Hit.fbx","C:\projects\Unity\AegisRTS.FrameworkLab\ArtSource\Units\Infantry\CHR_Infantry_A\v002\Animations\AN_Infantry_Hit.fbx","docs/ArtProduction/ReviewPackages/Infantry_Remaster_Review_Package_v001/Animations/SourceExports/AN_Infantry_Hit.fbx","6E95690F721DC0848033B1B03B01BBBA7940127E6EF18C1B5AD01A5CCC44E127","6E95690F721DC0848033B1B03B01BBBA7940127E6EF18C1B5AD01A5CCC44E127","True"
"AN_Infantry_Idle.fbx","C:\projects\Unity\AegisRTS.FrameworkLab\ArtSource\Units\Infantry\CHR_Infantry_A\v002\Animations\AN_Infantry_Idle.fbx","docs/ArtProduction/ReviewPackages/Infantry_Remaster_Review_Package_v001/Animations/SourceExports/AN_Infantry_Idle.fbx","97F47F14F0526DF149C167787329AECF661029AAF0CC24F7B822A74F002018A1","97F47F14F0526DF149C167787329AECF661029AAF0CC24F7B822A74F002018A1","True"
"AN_Infantry_Move.fbx","C:\projects\Unity\AegisRTS.FrameworkLab\ArtSource\Units\Infantry\CHR_Infantry_A\v002\Animations\AN_Infantry_Move.fbx","docs/ArtProduction/ReviewPackages/Infantry_Remaster_Review_Package_v001/Animations/SourceExports/AN_Infantry_Move.fbx","EC1B94B55A5113A435AC31EAC417E96DC83A66A369F2AFE9B6329AF45C650500","EC1B94B55A5113A435AC31EAC417E96DC83A66A369F2AFE9B6329AF45C650500","True"
"AN_Infantry_Attack_A.fbx","C:\projects\Unity\AegisRTS.FrameworkLab\Assets\AegisRTS\Content\Shared\Art\Units\Infantry\Animations\AN_Infantry_Attack_A.fbx","docs/ArtProduction/ReviewPackages/Infantry_Remaster_Review_Package_v001/Animations/UnityImported/AN_Infantry_Attack_A.fbx","82DD9BC2A910D636C01C86E879FC441B8537F3243C08320955CDC359A7939A7F","82DD9BC2A910D636C01C86E879FC441B8537F3243C08320955CDC359A7939A7F","True"
"AN_Infantry_Attack_A.fbx.meta","C:\projects\Unity\AegisRTS.FrameworkLab\Assets\AegisRTS\Content\Shared\Art\Units\Infantry\Animations\AN_Infantry_Attack_A.fbx.meta","docs/ArtProduction/ReviewPackages/Infantry_Remaster_Review_Package_v001/Animations/UnityImported/AN_Infantry_Attack_A.fbx.meta","87A8967552C53D438F2449BC526CC02F648EAAA508A551A7F206E773237D7FBA","87A8967552C53D438F2449BC526CC02F648EAAA508A551A7F206E773237D7FBA","True"
"AN_Infantry_Death.fbx","C:\projects\Unity\AegisRTS.FrameworkLab\Assets\AegisRTS\Content\Shared\Art\Units\Infantry\Animations\AN_Infantry_Death.fbx","docs/ArtProduction/ReviewPackages/Infantry_Remaster_Review_Package_v001/Animations/UnityImported/AN_Infantry_Death.fbx","2D3ECE1DDB0146DF024AB25C9233F6FAD8E9E77CF15562DF14AA1EB9F27BB777","2D3ECE1DDB0146DF024AB25C9233F6FAD8E9E77CF15562DF14AA1EB9F27BB777","True"
"AN_Infantry_Death.fbx.meta","C:\projects\Unity\AegisRTS.FrameworkLab\Assets\AegisRTS\Content\Shared\Art\Units\Infantry\Animations\AN_Infantry_Death.fbx.meta","docs/ArtProduction/ReviewPackages/Infantry_Remaster_Review_Package_v001/Animations/UnityImported/AN_Infantry_Death.fbx.meta","D58C3A3B59AF757B668AA34EDD99B8F521F4341CCAEEC27E57E9E4328D2381AE","D58C3A3B59AF757B668AA34EDD99B8F521F4341CCAEEC27E57E9E4328D2381AE","True"
"AN_Infantry_Hit.fbx","C:\projects\Unity\AegisRTS.FrameworkLab\Assets\AegisRTS\Content\Shared\Art\Units\Infantry\Animations\AN_Infantry_Hit.fbx","docs/ArtProduction/ReviewPackages/Infantry_Remaster_Review_Package_v001/Animations/UnityImported/AN_Infantry_Hit.fbx","6E95690F721DC0848033B1B03B01BBBA7940127E6EF18C1B5AD01A5CCC44E127","6E95690F721DC0848033B1B03B01BBBA7940127E6EF18C1B5AD01A5CCC44E127","True"
"AN_Infantry_Hit.fbx.meta","C:\projects\Unity\AegisRTS.FrameworkLab\Assets\AegisRTS\Content\Shared\Art\Units\Infantry\Animations\AN_Infantry_Hit.fbx.meta","docs/ArtProduction/ReviewPackages/Infantry_Remaster_Review_Package_v001/Animations/UnityImported/AN_Infantry_Hit.fbx.meta","B5B54B8F634517F97968DA0FBAC809F9B93E737B70CC9DCCE96B808729F961A5","B5B54B8F634517F97968DA0FBAC809F9B93E737B70CC9DCCE96B808729F961A5","True"
"AN_Infantry_Idle.fbx","C:\projects\Unity\AegisRTS.FrameworkLab\Assets\AegisRTS\Content\Shared\Art\Units\Infantry\Animations\AN_Infantry_Idle.fbx","docs/ArtProduction/ReviewPackages/Infantry_Remaster_Review_Package_v001/Animations/UnityImported/AN_Infantry_Idle.fbx","97F47F14F0526DF149C167787329AECF661029AAF0CC24F7B822A74F002018A1","97F47F14F0526DF149C167787329AECF661029AAF0CC24F7B822A74F002018A1","True"
"AN_Infantry_Idle.fbx.meta","C:\projects\Unity\AegisRTS.FrameworkLab\Assets\AegisRTS\Content\Shared\Art\Units\Infantry\Animations\AN_Infantry_Idle.fbx.meta","docs/ArtProduction/ReviewPackages/Infantry_Remaster_Review_Package_v001/Animations/UnityImported/AN_Infantry_Idle.fbx.meta","E37CC09E490EC51B0EFAF8E5778FE953B439076949A977EE08445C99D811D75C","E37CC09E490EC51B0EFAF8E5778FE953B439076949A977EE08445C99D811D75C","True"
"AN_Infantry_Move.fbx","C:\projects\Unity\AegisRTS.FrameworkLab\Assets\AegisRTS\Content\Shared\Art\Units\Infantry\Animations\AN_Infantry_Move.fbx","docs/ArtProduction/ReviewPackages/Infantry_Remaster_Review_Package_v001/Animations/UnityImported/AN_Infantry_Move.fbx","EC1B94B55A5113A435AC31EAC417E96DC83A66A369F2AFE9B6329AF45C650500","EC1B94B55A5113A435AC31EAC417E96DC83A66A369F2AFE9B6329AF45C650500","True"
"AN_Infantry_Move.fbx.meta","C:\projects\Unity\AegisRTS.FrameworkLab\Assets\AegisRTS\Content\Shared\Art\Units\Infantry\Animations\AN_Infantry_Move.fbx.meta","docs/ArtProduction/ReviewPackages/Infantry_Remaster_Review_Package_v001/Animations/UnityImported/AN_Infantry_Move.fbx.meta","044DC471993BCD31696122DA94BB714454F913B171876662BAA6D5908DA020C4","044DC471993BCD31696122DA94BB714454F913B171876662BAA6D5908DA020C4","True"
"build_unit03_l3_blender.py","C:\projects\Unity\AegisRTS.FrameworkLab\ArtSource\Units\Infantry\CHR_Infantry_A\v002\Source\build_unit03_l3_blender.py","docs/ArtProduction/ReviewPackages/Infantry_Remaster_Review_Package_v001/Scripts/SourceBuild/build_unit03_l3_blender.py","0C39245EC9B83106A3CE531FACFD69B37693149FEBC53C19D64BE24F4AEEC053","0C39245EC9B83106A3CE531FACFD69B37693149FEBC53C19D64BE24F4AEEC053","True"
"BUILD_WINDOWS.bat","C:\projects\Unity\AegisRTS.FrameworkLab\ArtSource\Units\Infantry\CHR_Infantry_A\v002\Source\BUILD_WINDOWS.bat","docs/ArtProduction/ReviewPackages/Infantry_Remaster_Review_Package_v001/Scripts/SourceBuild/BUILD_WINDOWS.bat","E19190DD31BD8502E458B351BEA28B84696E1D3AE609C792AC5ED222F8A2CFC8","E19190DD31BD8502E458B351BEA28B84696E1D3AE609C792AC5ED222F8A2CFC8","True"
"InfantryL2Validator.cs","C:\projects\Unity\AegisRTS.FrameworkLab\ArtSource\Units\Infantry\CHR_Infantry_A\v001\Tools\UnityEditor\InfantryL2Validator.cs","docs/ArtProduction/ReviewPackages/Infantry_Remaster_Review_Package_v001/Scripts/Unity/InfantryL2Validator.cs","7BCC847D47CC6ED60497998764B596D380EA9BEE7380FA15ECCFCBC766DC0DA2","7BCC847D47CC6ED60497998764B596D380EA9BEE7380FA15ECCFCBC766DC0DA2","True"
"InfantryL3PrefabBuilder.cs","C:\projects\Unity\AegisRTS.FrameworkLab\Assets\AegisRTS\Editor\InfantryL3PrefabBuilder.cs","docs/ArtProduction/ReviewPackages/Infantry_Remaster_Review_Package_v001/Scripts/Unity/InfantryL3PrefabBuilder.cs","76B1FA191BED9643339AAED866416EDCCA9B21CA03362C718C2497B15E2E9CFC","76B1FA191BED9643339AAED866416EDCCA9B21CA03362C718C2497B15E2E9CFC","True"
"InfantryL3PrefabBuilder.cs.meta","C:\projects\Unity\AegisRTS.FrameworkLab\Assets\AegisRTS\Editor\InfantryL3PrefabBuilder.cs.meta","docs/ArtProduction/ReviewPackages/Infantry_Remaster_Review_Package_v001/Scripts/Unity/InfantryL3PrefabBuilder.cs.meta","20E1DAD0B39C67C8055BBCAC7C9A061E042B5387F09BDD830B9F408B27A59BBD","20E1DAD0B39C67C8055BBCAC7C9A061E042B5387F09BDD830B9F408B27A59BBD","True"
"InfantryArtPrefabBuilder.cs","C:\projects\Unity\AegisRTS.FrameworkLab\Assets\AegisRTS\Editor\InfantryArtPrefabBuilder.cs","docs/ArtProduction/ReviewPackages/Infantry_Remaster_Review_Package_v001/Scripts/Unity/InfantryArtPrefabBuilder.cs","FA1E6F6A8E9AAB02F68413DD7E261B594A0735E765FB3E867B88AB60798F79A5","FA1E6F6A8E9AAB02F68413DD7E261B594A0735E765FB3E867B88AB60798F79A5","True"
"InfantryArtPrefabBuilder.cs.meta","C:\projects\Unity\AegisRTS.FrameworkLab\Assets\AegisRTS\Editor\InfantryArtPrefabBuilder.cs.meta","docs/ArtProduction/ReviewPackages/Infantry_Remaster_Review_Package_v001/Scripts/Unity/InfantryArtPrefabBuilder.cs.meta","CB05C17B0348130AB913B89C6046959AD4C9DF3DB9A1AC8C7A2095D20C679322","CB05C17B0348130AB913B89C6046959AD4C9DF3DB9A1AC8C7A2095D20C679322","True"
"PlayablePrototypeSmokeValidation.cs","C:\projects\Unity\AegisRTS.FrameworkLab\Assets\AegisRTS\Editor\PlayablePrototypeSmokeValidation.cs","docs/ArtProduction/ReviewPackages/Infantry_Remaster_Review_Package_v001/Scripts/Unity/PlayablePrototypeSmokeValidation.cs","7AADF0CDCC9C47637E28F70605E61CC990956F86F3028AE483A5E298E86729A4","7AADF0CDCC9C47637E28F70605E61CC990956F86F3028AE483A5E298E86729A4","True"
"PlayablePrototypeSmokeValidation.cs.meta","C:\projects\Unity\AegisRTS.FrameworkLab\Assets\AegisRTS\Editor\PlayablePrototypeSmokeValidation.cs.meta","docs/ArtProduction/ReviewPackages/Infantry_Remaster_Review_Package_v001/Scripts/Unity/PlayablePrototypeSmokeValidation.cs.meta","DC8397519907F9219BD092B4A58EE65307C62D0F5D8A0E238F34886F15DAD51F","DC8397519907F9219BD092B4A58EE65307C62D0F5D8A0E238F34886F15DAD51F","True"
"PrototypeUnitArtCatalog.cs","C:\projects\Unity\AegisRTS.FrameworkLab\Assets\AegisRTS\Demo\PlayablePrototype\PrototypeUnitArtCatalog.cs","docs/ArtProduction/ReviewPackages/Infantry_Remaster_Review_Package_v001/Scripts/Unity/PrototypeUnitArtCatalog.cs","F5591EA2B1A7B7769B8F9D992FD8BBB131B59542C56EB45E68ABA2DAF74D48AA","F5591EA2B1A7B7769B8F9D992FD8BBB131B59542C56EB45E68ABA2DAF74D48AA","True"
"PrototypeUnitArtCatalog.cs.meta","C:\projects\Unity\AegisRTS.FrameworkLab\Assets\AegisRTS\Demo\PlayablePrototype\PrototypeUnitArtCatalog.cs.meta","docs/ArtProduction/ReviewPackages/Infantry_Remaster_Review_Package_v001/Scripts/Unity/PrototypeUnitArtCatalog.cs.meta","E98056FD4913C7A9C110D92A4738EF3FA7E8BB7FCA45F571E38888BE0EBF4EC3","E98056FD4913C7A9C110D92A4738EF3FA7E8BB7FCA45F571E38888BE0EBF4EC3","True"
"PrototypeUnitArtView.cs","C:\projects\Unity\AegisRTS.FrameworkLab\Assets\AegisRTS\Demo\PlayablePrototype\PrototypeUnitArtView.cs","docs/ArtProduction/ReviewPackages/Infantry_Remaster_Review_Package_v001/Scripts/Unity/PrototypeUnitArtView.cs","1B8754646283D4665F8EB1490D76632F745F5D7308CBDEEEE46D205FB59FF370","1B8754646283D4665F8EB1490D76632F745F5D7308CBDEEEE46D205FB59FF370","True"
"PrototypeUnitArtView.cs.meta","C:\projects\Unity\AegisRTS.FrameworkLab\Assets\AegisRTS\Demo\PlayablePrototype\PrototypeUnitArtView.cs.meta","docs/ArtProduction/ReviewPackages/Infantry_Remaster_Review_Package_v001/Scripts/Unity/PrototypeUnitArtView.cs.meta","7149B44D9111F6C1484E1836103991B0A07417B6898B56CF47B0FFEB73F65759","7149B44D9111F6C1484E1836103991B0A07417B6898B56CF47B0FFEB73F65759","True"
"PrototypeUnitAnimatorView.cs","C:\projects\Unity\AegisRTS.FrameworkLab\Assets\AegisRTS\Demo\PlayablePrototype\PrototypeUnitAnimatorView.cs","docs/ArtProduction/ReviewPackages/Infantry_Remaster_Review_Package_v001/Scripts/Unity/PrototypeUnitAnimatorView.cs","C42F655B301872483ED3E0893788A109D633C299686D2327FBC91B3049B989E4","C42F655B301872483ED3E0893788A109D633C299686D2327FBC91B3049B989E4","True"
"PrototypeUnitAnimatorView.cs.meta","C:\projects\Unity\AegisRTS.FrameworkLab\Assets\AegisRTS\Demo\PlayablePrototype\PrototypeUnitAnimatorView.cs.meta","docs/ArtProduction/ReviewPackages/Infantry_Remaster_Review_Package_v001/Scripts/Unity/PrototypeUnitAnimatorView.cs.meta","C7F7523353E033514639BF56DA99DFDB7CC61E20F0D416BA4C80ADADB1940E09","C7F7523353E033514639BF56DA99DFDB7CC61E20F0D416BA4C80ADADB1940E09","True"
"PlayablePrototypeBootstrap.cs","C:\projects\Unity\AegisRTS.FrameworkLab\Assets\AegisRTS\Demo\PlayablePrototype\PlayablePrototypeBootstrap.cs","docs/ArtProduction/ReviewPackages/Infantry_Remaster_Review_Package_v001/Scripts/Unity/PlayablePrototypeBootstrap.cs","B1FA083AB3D10D7FB35A28221CC37D87BA9AE24206EEEAAAF3329291B904EE25","B1FA083AB3D10D7FB35A28221CC37D87BA9AE24206EEEAAAF3329291B904EE25","True"
"PlayablePrototypeBootstrap.cs.meta","C:\projects\Unity\AegisRTS.FrameworkLab\Assets\AegisRTS\Demo\PlayablePrototype\PlayablePrototypeBootstrap.cs.meta","docs/ArtProduction/ReviewPackages/Infantry_Remaster_Review_Package_v001/Scripts/Unity/PlayablePrototypeBootstrap.cs.meta","AAF7BEC373A303060B5B859E580DB1354F69FAAFE4388663EE2CD2DD8B1A8A18","AAF7BEC373A303060B5B859E580DB1354F69FAAFE4388663EE2CD2DD8B1A8A18","True"
"PlayablePrototypePlayModeTests.cs","C:\projects\Unity\AegisRTS.FrameworkLab\Assets\AegisRTS\Tests\PlayMode\PlayablePrototypePlayModeTests.cs","docs/ArtProduction/ReviewPackages/Infantry_Remaster_Review_Package_v001/Scripts/Unity/PlayablePrototypePlayModeTests.cs","4C5D6DDB9FCAB514BC5FB85E6102BE5B0939588D8B7D1E3291C7FA0F12E52F69","4C5D6DDB9FCAB514BC5FB85E6102BE5B0939588D8B7D1E3291C7FA0F12E52F69","True"
"PlayablePrototypePlayModeTests.cs.meta","C:\projects\Unity\AegisRTS.FrameworkLab\Assets\AegisRTS\Tests\PlayMode\PlayablePrototypePlayModeTests.cs.meta","docs/ArtProduction/ReviewPackages/Infantry_Remaster_Review_Package_v001/Scripts/Unity/PlayablePrototypePlayModeTests.cs.meta","FF46E00F42993E766C43819FD0F31AD2B58F0C1F924C0D1D5A3F95F0D7D05621","FF46E00F42993E766C43819FD0F31AD2B58F0C1F924C0D1D5A3F95F0D7D05621","True"
"ASSET_MANIFEST.md","C:\projects\Unity\AegisRTS.FrameworkLab\ArtSource\Units\Infantry\CHR_Infantry_A\v001\ASSET_MANIFEST.md","docs/ArtProduction/ReviewPackages/Infantry_Remaster_Review_Package_v001/Specifications/SourceRecords/v001/ASSET_MANIFEST.md","1F9808CE2C38253E18EEB7CC6BD3A6ABB7F21657362DDC9AA3D52A59B6FFD59B","1F9808CE2C38253E18EEB7CC6BD3A6ABB7F21657362DDC9AA3D52A59B6FFD59B","True"
"DELIVERY_README.md","C:\projects\Unity\AegisRTS.FrameworkLab\ArtSource\Units\Infantry\CHR_Infantry_A\v001\Documentation\DELIVERY_README.md","docs/ArtProduction/ReviewPackages/Infantry_Remaster_Review_Package_v001/Specifications/SourceRecords/v001/Documentation/DELIVERY_README.md","5D4547512346A8C1A33D1764CA0462F5E16891DD01460DF5807A7F7C17CE6139","5D4547512346A8C1A33D1764CA0462F5E16891DD01460DF5807A7F7C17CE6139","True"
"L2_DELIVERY_REPORT.md","C:\projects\Unity\AegisRTS.FrameworkLab\ArtSource\Units\Infantry\CHR_Infantry_A\v001\Documentation\L2_DELIVERY_REPORT.md","docs/ArtProduction/ReviewPackages/Infantry_Remaster_Review_Package_v001/Specifications/SourceRecords/v001/Documentation/L2_DELIVERY_REPORT.md","CDED386C4F47C2C025AE6A07BDF42A94840DC17BB560959DD3B93DB766B46802","CDED386C4F47C2C025AE6A07BDF42A94840DC17BB560959DD3B93DB766B46802","True"
"L2_METRICS.json","C:\projects\Unity\AegisRTS.FrameworkLab\ArtSource\Units\Infantry\CHR_Infantry_A\v001\Documentation\L2_METRICS.json","docs/ArtProduction/ReviewPackages/Infantry_Remaster_Review_Package_v001/Specifications/SourceRecords/v001/Documentation/L2_METRICS.json","4B0C8E77705BDF9F80758EE1D95E128E6463619EF0CA02B1030547BD2FC74C8F","4B0C8E77705BDF9F80758EE1D95E128E6463619EF0CA02B1030547BD2FC74C8F","True"
"Unity_Hierarchy.txt","C:\projects\Unity\AegisRTS.FrameworkLab\ArtSource\Units\Infantry\CHR_Infantry_A\v001\Documentation\Unity_Hierarchy.txt","docs/ArtProduction/ReviewPackages/Infantry_Remaster_Review_Package_v001/Specifications/SourceRecords/v001/Documentation/Unity_Hierarchy.txt","D644087EDBF00111585B0FB35669470E07D338993B25A0E62DA15D3F56E75E1E","D644087EDBF00111585B0FB35669470E07D338993B25A0E62DA15D3F56E75E1E","True"
"ASSET_MANIFEST.md","C:\projects\Unity\AegisRTS.FrameworkLab\ArtSource\Units\Infantry\CHR_Infantry_A\v002\ASSET_MANIFEST.md","docs/ArtProduction/ReviewPackages/Infantry_Remaster_Review_Package_v001/Specifications/SourceRecords/v002/ASSET_MANIFEST.md","8B009FA898994BE52E08577B6F3E936D2B3907154037AC99336D5494D97C3AC5","8B009FA898994BE52E08577B6F3E936D2B3907154037AC99336D5494D97C3AC5","True"
"ANIMATION_EVENTS.json","C:\projects\Unity\AegisRTS.FrameworkLab\ArtSource\Units\Infantry\CHR_Infantry_A\v002\Documentation\ANIMATION_EVENTS.json","docs/ArtProduction/ReviewPackages/Infantry_Remaster_Review_Package_v001/Specifications/SourceRecords/v002/Documentation/ANIMATION_EVENTS.json","3B2D876BC28A898C79F7ABC7E6B1CEDEA60D7C594C4ECDB7D94A7DFF0F8EDDD8","3B2D876BC28A898C79F7ABC7E6B1CEDEA60D7C594C4ECDB7D94A7DFF0F8EDDD8","True"
"GENERATION_AND_LICENSE_RECORD.md","C:\projects\Unity\AegisRTS.FrameworkLab\ArtSource\Units\Infantry\CHR_Infantry_A\v002\Documentation\GENERATION_AND_LICENSE_RECORD.md","docs/ArtProduction/ReviewPackages/Infantry_Remaster_Review_Package_v001/Specifications/SourceRecords/v002/Documentation/GENERATION_AND_LICENSE_RECORD.md","DDE1A75D0E93DD0E4128EE4D1D33E130064AE35AF768BEFCE2E61055CDDB79A5","DDE1A75D0E93DD0E4128EE4D1D33E130064AE35AF768BEFCE2E61055CDDB79A5","True"
"L3_DELIVERY_REPORT.md","C:\projects\Unity\AegisRTS.FrameworkLab\ArtSource\Units\Infantry\CHR_Infantry_A\v002\Documentation\L3_DELIVERY_REPORT.md","docs/ArtProduction/ReviewPackages/Infantry_Remaster_Review_Package_v001/Specifications/SourceRecords/v002/Documentation/L3_DELIVERY_REPORT.md","6318F6FD9F57CD68664C0BFC8A0A4D8EA26B48DE25D1980DC0AA2430C78536F4","6318F6FD9F57CD68664C0BFC8A0A4D8EA26B48DE25D1980DC0AA2430C78536F4","True"
"MANIFEST.json","C:\projects\Unity\AegisRTS.FrameworkLab\ArtSource\Units\Infantry\CHR_Infantry_A\v002\Documentation\MANIFEST.json","docs/ArtProduction/ReviewPackages/Infantry_Remaster_Review_Package_v001/Specifications/SourceRecords/v002/Documentation/MANIFEST.json","8BCB08E132ACB812C76AC2D1236F8C964E3DAC22EA303EAB0178C4303607813F","8BCB08E132ACB812C76AC2D1236F8C964E3DAC22EA303EAB0178C4303607813F","True"
"PROMPT.txt","C:\projects\Unity\AegisRTS.FrameworkLab\ArtSource\Units\Infantry\CHR_Infantry_A\v002\Documentation\PROMPT.txt","docs/ArtProduction/ReviewPackages/Infantry_Remaster_Review_Package_v001/Specifications/SourceRecords/v002/Documentation/PROMPT.txt","BBB7E69373792EDA3E3DDD2A633EF7C356F725A54742C99182A2D60170092739","BBB7E69373792EDA3E3DDD2A633EF7C356F725A54742C99182A2D60170092739","True"
"STATUS.md","C:\projects\Unity\AegisRTS.FrameworkLab\ArtSource\Units\Infantry\CHR_Infantry_A\v002\Documentation\STATUS.md","docs/ArtProduction/ReviewPackages/Infantry_Remaster_Review_Package_v001/Specifications/SourceRecords/v002/Documentation/STATUS.md","425FC366BAD3AD9F57290E518D6677F8AA7BAD1405A15883ED6321AD27AE66C3","425FC366BAD3AD9F57290E518D6677F8AA7BAD1405A15883ED6321AD27AE66C3","True"
"UNITY_IMPORT_SETTINGS.md","C:\projects\Unity\AegisRTS.FrameworkLab\ArtSource\Units\Infantry\CHR_Infantry_A\v002\Documentation\UNITY_IMPORT_SETTINGS.md","docs/ArtProduction/ReviewPackages/Infantry_Remaster_Review_Package_v001/Specifications/SourceRecords/v002/Documentation/UNITY_IMPORT_SETTINGS.md","6E7F532CCDAEB9CF61B71FD448BE8626CD4895CFBF0DBB9165AF054E5D1AF93B","6E7F532CCDAEB9CF61B71FD448BE8626CD4895CFBF0DBB9165AF054E5D1AF93B","True"
"L2_DELIVERY_REPORT.md","C:\projects\Unity\AegisRTS.FrameworkLab\ArtSource\Units\Infantry\CHR_Infantry_A\v002\Input_v001\L2_DELIVERY_REPORT.md","docs/ArtProduction/ReviewPackages/Infantry_Remaster_Review_Package_v001/Specifications/SourceRecords/v002/Input_v001/L2_DELIVERY_REPORT.md","CDED386C4F47C2C025AE6A07BDF42A94840DC17BB560959DD3B93DB766B46802","CDED386C4F47C2C025AE6A07BDF42A94840DC17BB560959DD3B93DB766B46802","True"
"README.md","C:\projects\Unity\AegisRTS.FrameworkLab\ArtSource\Units\Infantry\CHR_Infantry_A\v002\README.md","docs/ArtProduction/ReviewPackages/Infantry_Remaster_Review_Package_v001/Specifications/SourceRecords/v002/README.md","C3995ABC5E903D9BC7EA9959AEB1FDD746B786DC00258F9A166B63CF76CDE255","C3995ABC5E903D9BC7EA9959AEB1FDD746B786DC00258F9A166B63CF76CDE255","True"
"00_美術製作總覽與AI任務索引.md","C:\projects\Unity\AegisRTS.FrameworkLab\docs\ArtSpecs\00_美術製作總覽與AI任務索引.md","docs/ArtProduction/ReviewPackages/Infantry_Remaster_Review_Package_v001/Specifications/LegacyArtSpecs/00_美術製作總覽與AI任務索引.md","1368DB381B7EDF84C5033596EE044BD246B809E8EB155BB57F91E250AC43E1CB","1368DB381B7EDF84C5033596EE044BD246B809E8EB155BB57F91E250AC43E1CB","True"
"01_技術規格_比例座標與輸出.md","C:\projects\Unity\AegisRTS.FrameworkLab\docs\ArtSpecs\01_技術規格_比例座標與輸出.md","docs/ArtProduction/ReviewPackages/Infantry_Remaster_Review_Package_v001/Specifications/LegacyArtSpecs/01_技術規格_比例座標與輸出.md","B05BE6290B1F1214FD5C260B05C9DCC18680F188FA560D21CB3BF3FF8BB2DF7C","B05BE6290B1F1214FD5C260B05C9DCC18680F188FA560D21CB3BF3FF8BB2DF7C","True"
"03_視覺規格_風格材質與陣營色.md","C:\projects\Unity\AegisRTS.FrameworkLab\docs\ArtSpecs\03_視覺規格_風格材質與陣營色.md","docs/ArtProduction/ReviewPackages/Infantry_Remaster_Review_Package_v001/Specifications/LegacyArtSpecs/03_視覺規格_風格材質與陣營色.md","BE0BCC9A608087DE1272FC4CF22A3FA98D57E0E80B7085E898A9DD64B60ACC73","BE0BCC9A608087DE1272FC4CF22A3FA98D57E0E80B7085E898A9DD64B60ACC73","True"
"05_AI交付格式與驗收清單.md","C:\projects\Unity\AegisRTS.FrameworkLab\docs\ArtSpecs\05_AI交付格式與驗收清單.md","docs/ArtProduction/ReviewPackages/Infantry_Remaster_Review_Package_v001/Specifications/LegacyArtSpecs/05_AI交付格式與驗收清單.md","7DE67138FA2980EC1462C761B053C89EBEE6220615828E3998D6679DF5CE1BC8","7DE67138FA2980EC1462C761B053C89EBEE6220615828E3998D6679DF5CE1BC8","True"
"06_尺寸總表.md","C:\projects\Unity\AegisRTS.FrameworkLab\docs\ArtSpecs\06_尺寸總表.md","docs/ArtProduction/ReviewPackages/Infantry_Remaster_Review_Package_v001/Specifications/LegacyArtSpecs/06_尺寸總表.md","FA2FF8730ADA8E954E166B01448B852D2D053B1D8CEA13E1E7C5692FC6CE3EBE","FA2FF8730ADA8E954E166B01448B852D2D053B1D8CEA13E1E7C5692FC6CE3EBE","True"
"07_製作批次與目前整合缺口.md","C:\projects\Unity\AegisRTS.FrameworkLab\docs\ArtSpecs\07_製作批次與目前整合缺口.md","docs/ArtProduction/ReviewPackages/Infantry_Remaster_Review_Package_v001/Specifications/LegacyArtSpecs/07_製作批次與目前整合缺口.md","8DE914BE25E039CFEBA9E29E799DC8B4C3AFBA8D0BA544E477AF6A0DB8A1361F","8DE914BE25E039CFEBA9E29E799DC8B4C3AFBA8D0BA544E477AF6A0DB8A1361F","True"
"Unit_03_步兵.md","C:\projects\Unity\AegisRTS.FrameworkLab\docs\ArtSpecs\Unit_03_步兵.md","docs/ArtProduction/ReviewPackages/Infantry_Remaster_Review_Package_v001/Specifications/LegacyArtSpecs/Unit_03_步兵.md","11F43E79AD66DEA7DF2A4F651AF12A88D7D34E0457A39B1FB8636D7C75EC020E","11F43E79AD66DEA7DF2A4F651AF12A88D7D34E0457A39B1FB8636D7C75EC020E","True"
"Unit_03_步兵_L3骨架動畫交付規格.md","C:\projects\Unity\AegisRTS.FrameworkLab\docs\ArtSpecs\Unit_03_步兵_L3骨架動畫交付規格.md","docs/ArtProduction/ReviewPackages/Infantry_Remaster_Review_Package_v001/Specifications/LegacyArtSpecs/Unit_03_步兵_L3骨架動畫交付規格.md","4B31191A58F9E704F898608608C2935F5517EF7493D20B3EA7DACC147FB78D49","4B31191A58F9E704F898608608C2935F5517EF7493D20B3EA7DACC147FB78D49","True"
"README.md","C:\projects\Unity\AegisRTS.FrameworkLab\docs\ArtProduction\RTS_Asset_Production_Spec_v1\README.md","docs/ArtProduction/ReviewPackages/Infantry_Remaster_Review_Package_v001/Specifications/ProductionSpec/README.md","9E19F6AAF5E6FBE3F65FC9522F0AE9E330E6CA50D886E595F65D9318A2E7F8D3","9E19F6AAF5E6FBE3F65FC9522F0AE9E330E6CA50D886E595F65D9318A2E7F8D3","True"
"01_Project_Asset_Audit.md","C:\projects\Unity\AegisRTS.FrameworkLab\docs\ArtProduction\RTS_Asset_Production_Spec_v1\01_Project_Asset_Audit.md","docs/ArtProduction/ReviewPackages/Infantry_Remaster_Review_Package_v001/Specifications/ProductionSpec/01_Project_Asset_Audit.md","B35B7694B9F658B1C0D74D17DDD95CA73B902F532D61AFE097FF102C2C3D80AF","B35B7694B9F658B1C0D74D17DDD95CA73B902F532D61AFE097FF102C2C3D80AF","True"
"02_Asset_Pipeline_L1_L4.md","C:\projects\Unity\AegisRTS.FrameworkLab\docs\ArtProduction\RTS_Asset_Production_Spec_v1\02_Asset_Pipeline_L1_L4.md","docs/ArtProduction/ReviewPackages/Infantry_Remaster_Review_Package_v001/Specifications/ProductionSpec/02_Asset_Pipeline_L1_L4.md","D93B902BF50F25CAC3B8C9A6EE0206054AB192B1B19570C85FFBCBBCC028225D","D93B902BF50F25CAC3B8C9A6EE0206054AB192B1B19570C85FFBCBBCC028225D","True"
"03_Character_Production_Quality_Standard.md","C:\projects\Unity\AegisRTS.FrameworkLab\docs\ArtProduction\RTS_Asset_Production_Spec_v1\03_Character_Production_Quality_Standard.md","docs/ArtProduction/ReviewPackages/Infantry_Remaster_Review_Package_v001/Specifications/ProductionSpec/03_Character_Production_Quality_Standard.md","175D49DA52166B84AE4CFEE0887909BC38B0441A568DE64F17A2BA1756CB00D3","175D49DA52166B84AE4CFEE0887909BC38B0441A568DE64F17A2BA1756CB00D3","True"
"04_RTS_Silhouette_and_Readability_Standard.md","C:\projects\Unity\AegisRTS.FrameworkLab\docs\ArtProduction\RTS_Asset_Production_Spec_v1\04_RTS_Silhouette_and_Readability_Standard.md","docs/ArtProduction/ReviewPackages/Infantry_Remaster_Review_Package_v001/Specifications/ProductionSpec/04_RTS_Silhouette_and_Readability_Standard.md","C68CB87A1EB83B8C8C8B4B54529207FDF9B2668DE60534F09F0963A13ACF6077","C68CB87A1EB83B8C8C8B4B54529207FDF9B2668DE60534F09F0963A13ACF6077","True"
"05_LOD_and_Performance_Standard.md","C:\projects\Unity\AegisRTS.FrameworkLab\docs\ArtProduction\RTS_Asset_Production_Spec_v1\05_LOD_and_Performance_Standard.md","docs/ArtProduction/ReviewPackages/Infantry_Remaster_Review_Package_v001/Specifications/ProductionSpec/05_LOD_and_Performance_Standard.md","86EDB3B1684E166E5B3D7DA4D5D3BDDFAC9F697059735B996BFF4C4A5707F58B","86EDB3B1684E166E5B3D7DA4D5D3BDDFAC9F697059735B996BFF4C4A5707F58B","True"
"06_Texture_Material_TeamColor_Standard.md","C:\projects\Unity\AegisRTS.FrameworkLab\docs\ArtProduction\RTS_Asset_Production_Spec_v1\06_Texture_Material_TeamColor_Standard.md","docs/ArtProduction/ReviewPackages/Infantry_Remaster_Review_Package_v001/Specifications/ProductionSpec/06_Texture_Material_TeamColor_Standard.md","423B13D58D734A02C0DCC6057CA12D6191F98A5E186132447890C617C96FCF17","423B13D58D734A02C0DCC6057CA12D6191F98A5E186132447890C617C96FCF17","True"
"07_Rig_Skinning_Animation_Standard.md","C:\projects\Unity\AegisRTS.FrameworkLab\docs\ArtProduction\RTS_Asset_Production_Spec_v1\07_Rig_Skinning_Animation_Standard.md","docs/ArtProduction/ReviewPackages/Infantry_Remaster_Review_Package_v001/Specifications/ProductionSpec/07_Rig_Skinning_Animation_Standard.md","15A49238F8D36CA2470BEED2F27C49E217919FB59872FF920313B79A0A2BE1FD","15A49238F8D36CA2470BEED2F27C49E217919FB59872FF920313B79A0A2BE1FD","True"
"08_Golden_Sample_Infantry_Archer.md","C:\projects\Unity\AegisRTS.FrameworkLab\docs\ArtProduction\RTS_Asset_Production_Spec_v1\08_Golden_Sample_Infantry_Archer.md","docs/ArtProduction/ReviewPackages/Infantry_Remaster_Review_Package_v001/Specifications/ProductionSpec/08_Golden_Sample_Infantry_Archer.md","6B6D588576C86223DCC61F7852540B08F7E65A2871F83E115E366D6F82E67DCB","6B6D588576C86223DCC61F7852540B08F7E65A2871F83E115E366D6F82E67DCB","True"
"09_Existing_Infantry_Archer_Remaster_Audit.md","C:\projects\Unity\AegisRTS.FrameworkLab\docs\ArtProduction\RTS_Asset_Production_Spec_v1\09_Existing_Infantry_Archer_Remaster_Audit.md","docs/ArtProduction/ReviewPackages/Infantry_Remaster_Review_Package_v001/Specifications/ProductionSpec/09_Existing_Infantry_Archer_Remaster_Audit.md","78BE7C39C7B120251E6580F4EEE1EEC2125143C33040BBA255FF94D5C05DCB19","78BE7C39C7B120251E6580F4EEE1EEC2125143C33040BBA255FF94D5C05DCB19","True"
"13_Asset_Naming_and_Folder_Standard.md","C:\projects\Unity\AegisRTS.FrameworkLab\docs\ArtProduction\RTS_Asset_Production_Spec_v1\13_Asset_Naming_and_Folder_Standard.md","docs/ArtProduction/ReviewPackages/Infantry_Remaster_Review_Package_v001/Specifications/ProductionSpec/13_Asset_Naming_and_Folder_Standard.md","12FF29D62817EAC10D10449926F3782E747CABE5D68E8A8FCBF80375470F1234","12FF29D62817EAC10D10449926F3782E747CABE5D68E8A8FCBF80375470F1234","True"
"14_AI_Asset_Provenance_and_License_Standard.md","C:\projects\Unity\AegisRTS.FrameworkLab\docs\ArtProduction\RTS_Asset_Production_Spec_v1\14_AI_Asset_Provenance_and_License_Standard.md","docs/ArtProduction/ReviewPackages/Infantry_Remaster_Review_Package_v001/Specifications/ProductionSpec/14_AI_Asset_Provenance_and_License_Standard.md","E91CFD5D8E54974464ECAAD30AFF4F7DF29BE3DD8D704A83BCD51B702066ADB8","E91CFD5D8E54974464ECAAD30AFF4F7DF29BE3DD8D704A83BCD51B702066ADB8","True"
"15_Unity_RTS_Asset_Acceptance_Checklist.md","C:\projects\Unity\AegisRTS.FrameworkLab\docs\ArtProduction\RTS_Asset_Production_Spec_v1\15_Unity_RTS_Asset_Acceptance_Checklist.md","docs/ArtProduction/ReviewPackages/Infantry_Remaster_Review_Package_v001/Specifications/ProductionSpec/15_Unity_RTS_Asset_Acceptance_Checklist.md","2B5701AC0FBC542789F2B276F4778FF69C0AB4DDB80EBBBB79EB5FBEFAD912E8","2B5701AC0FBC542789F2B276F4778FF69C0AB4DDB80EBBBB79EB5FBEFAD912E8","True"
"16_Master_Production_Checklist.md","C:\projects\Unity\AegisRTS.FrameworkLab\docs\ArtProduction\RTS_Asset_Production_Spec_v1\16_Master_Production_Checklist.md","docs/ArtProduction/ReviewPackages/Infantry_Remaster_Review_Package_v001/Specifications/ProductionSpec/16_Master_Production_Checklist.md","FF8DC8DCC353125C643BDD23BE4B38FED4F9599612387AF3D63826FB1B86EF01","FF8DC8DCC353125C643BDD23BE4B38FED4F9599612387AF3D63826FB1B86EF01","True"
"17_Asset_Production_Backlog.md","C:\projects\Unity\AegisRTS.FrameworkLab\docs\ArtProduction\RTS_Asset_Production_Spec_v1\17_Asset_Production_Backlog.md","docs/ArtProduction/ReviewPackages/Infantry_Remaster_Review_Package_v001/Specifications/ProductionSpec/17_Asset_Production_Backlog.md","3E7D7FBD23A5D6769C02D644F9860088FBAE5C8F21535C997A66771E5112EC1F","3E7D7FBD23A5D6769C02D644F9860088FBAE5C8F21535C997A66771E5112EC1F","True"
"99_Open_Issues_and_Missing_Information.md","C:\projects\Unity\AegisRTS.FrameworkLab\docs\ArtProduction\RTS_Asset_Production_Spec_v1\99_Open_Issues_and_Missing_Information.md","docs/ArtProduction/ReviewPackages/Infantry_Remaster_Review_Package_v001/Specifications/ProductionSpec/99_Open_Issues_and_Missing_Information.md","B8F8F4E9797C3486A77AA6FA7E6635EC0FE31EF10DB5EC39A80D610B34B95CB6","B8F8F4E9797C3486A77AA6FA7E6635EC0FE31EF10DB5EC39A80D610B34B95CB6","True"
"Legacy_Spec_Migration.md","C:\projects\Unity\AegisRTS.FrameworkLab\docs\ArtProduction\RTS_Asset_Production_Spec_v1\Legacy_Spec_Migration.md","docs/ArtProduction/ReviewPackages/Infantry_Remaster_Review_Package_v001/Specifications/ProductionSpec/Legacy_Spec_Migration.md","5CD71070B71C5191252374AE185EE74F511F341B91C17FFF7D72393BCE109EB3","5CD71070B71C5191252374AE185EE74F511F341B91C17FFF7D72393BCE109EB3","True"
"26_Framework_API_目標介面.md","C:\projects\Unity\AegisRTS.FrameworkLab\docs\26_Framework_API_目標介面.md","docs/ArtProduction/ReviewPackages/Infantry_Remaster_Review_Package_v001/Specifications/RuntimeContracts/26_Framework_API_目標介面.md","B2C9D85281B9E8FBA8F249E467CB8120FE784942743D2D8C67AFF45B434558DA","B2C9D85281B9E8FBA8F249E467CB8120FE784942743D2D8C67AFF45B434558DA","True"
"37_PlayablePrototype_01_操作與驗收手冊.md","C:\projects\Unity\AegisRTS.FrameworkLab\docs\37_PlayablePrototype_01_操作與驗收手冊.md","docs/ArtProduction/ReviewPackages/Infantry_Remaster_Review_Package_v001/Specifications/RuntimeContracts/37_PlayablePrototype_01_操作與驗收手冊.md","96C5827125CE121A7D5266A95EEA60419E862706D92EB2E7A55263C81DE7E52A","96C5827125CE121A7D5266A95EEA60419E862706D92EB2E7A55263C81DE7E52A","True"
"38_PlayablePrototype_01_架構與維護.md","C:\projects\Unity\AegisRTS.FrameworkLab\docs\38_PlayablePrototype_01_架構與維護.md","docs/ArtProduction/ReviewPackages/Infantry_Remaster_Review_Package_v001/Specifications/RuntimeContracts/38_PlayablePrototype_01_架構與維護.md","E1127B572AAAE53BA21E4A0BA6683721221C8CB5D1497FB2449070CA0FAA552B","E1127B572AAAE53BA21E4A0BA6683721221C8CB5D1497FB2449070CA0FAA552B","True"
"45_Attack_Cadence_OrbWalking_攻速與取消後搖規範.md","C:\projects\Unity\AegisRTS.FrameworkLab\docs\45_Attack_Cadence_OrbWalking_攻速與取消後搖規範.md","docs/ArtProduction/ReviewPackages/Infantry_Remaster_Review_Package_v001/Specifications/RuntimeContracts/45_Attack_Cadence_OrbWalking_攻速與取消後搖規範.md","2C46EB6E831532F0CB201CD8517207C61377CBF23C792581C1A896846EF55AE0","2C46EB6E831532F0CB201CD8517207C61377CBF23C792581C1A896846EF55AE0","True"
"Infantry_Remaster_Review_Data_Collection_Task.md","C:\projects\Unity\AegisRTS.FrameworkLab\mission\Infantry_Remaster_Review_Data_Collection_Task.md","docs/ArtProduction/ReviewPackages/Infantry_Remaster_Review_Package_v001/Specifications/Task/Infantry_Remaster_Review_Data_Collection_Task.md","14F3B547F06BF8494D4E7EBAC78F4108A52BD348D58F53D437EEBA51F77F0B4F","14F3B547F06BF8494D4E7EBAC78F4108A52BD348D58F53D437EEBA51F77F0B4F","True"
"PREVIEW_CameraContract_1920x1080_31m_Blue.png","C:\projects\Unity\AegisRTS.FrameworkLab\ArtSource\Units\Infantry\CHR_Infantry_A\v001\Previews\Camera\PREVIEW_CameraContract_1920x1080_31m_Blue.png","docs/ArtProduction/ReviewPackages/Infantry_Remaster_Review_Package_v001/Screenshots/Existing/LegacyCamera/PREVIEW_CameraContract_1920x1080_31m_Blue.png","6F2E610448B6C5D87B0846A628281E662674C1FE252CEDB89BB74E1172DDD532","6F2E610448B6C5D87B0846A628281E662674C1FE252CEDB89BB74E1172DDD532","True"
"PREVIEW_CameraContract_1920x1080_31m_Red.png","C:\projects\Unity\AegisRTS.FrameworkLab\ArtSource\Units\Infantry\CHR_Infantry_A\v001\Previews\Camera\PREVIEW_CameraContract_1920x1080_31m_Red.png","docs/ArtProduction/ReviewPackages/Infantry_Remaster_Review_Package_v001/Screenshots/Existing/LegacyCamera/PREVIEW_CameraContract_1920x1080_31m_Red.png","39872BAD0B905701C8ECBB02AD4409F3F961AEE19605E08C39579FF986CCB4F9","39872BAD0B905701C8ECBB02AD4409F3F961AEE19605E08C39579FF986CCB4F9","True"
"PREVIEW_CameraContract_960x540_31m_Blue.png","C:\projects\Unity\AegisRTS.FrameworkLab\ArtSource\Units\Infantry\CHR_Infantry_A\v001\Previews\Camera\PREVIEW_CameraContract_960x540_31m_Blue.png","docs/ArtProduction/ReviewPackages/Infantry_Remaster_Review_Package_v001/Screenshots/Existing/LegacyCamera/PREVIEW_CameraContract_960x540_31m_Blue.png","8084BE25D5B8F7AA934CE4BB735A0FDC136AAE21DC319D967139A00AB866CCBA","8084BE25D5B8F7AA934CE4BB735A0FDC136AAE21DC319D967139A00AB866CCBA","True"
"PREVIEW_CameraContract_960x540_31m_Red.png","C:\projects\Unity\AegisRTS.FrameworkLab\ArtSource\Units\Infantry\CHR_Infantry_A\v001\Previews\Camera\PREVIEW_CameraContract_960x540_31m_Red.png","docs/ArtProduction/ReviewPackages/Infantry_Remaster_Review_Package_v001/Screenshots/Existing/LegacyCamera/PREVIEW_CameraContract_960x540_31m_Red.png","71975913A334F5E47FEAD3BBCBD6568A4CE95A99D5226D5CAD912F557AB9ACF6","71975913A334F5E47FEAD3BBCBD6568A4CE95A99D5226D5CAD912F557AB9ACF6","True"
"PREVIEW_CameraContract_960x540_40m_Blue.png","C:\projects\Unity\AegisRTS.FrameworkLab\ArtSource\Units\Infantry\CHR_Infantry_A\v001\Previews\Camera\PREVIEW_CameraContract_960x540_40m_Blue.png","docs/ArtProduction/ReviewPackages/Infantry_Remaster_Review_Package_v001/Screenshots/Existing/LegacyCamera/PREVIEW_CameraContract_960x540_40m_Blue.png","7AD288C0EEF3CBA6642D3A32B81D8BC71AC69691145967D858BD24733615BCC9","7AD288C0EEF3CBA6642D3A32B81D8BC71AC69691145967D858BD24733615BCC9","True"
"PREVIEW_CameraContract_960x540_8m_Blue.png","C:\projects\Unity\AegisRTS.FrameworkLab\ArtSource\Units\Infantry\CHR_Infantry_A\v001\Previews\Camera\PREVIEW_CameraContract_960x540_8m_Blue.png","docs/ArtProduction/ReviewPackages/Infantry_Remaster_Review_Package_v001/Screenshots/Existing/LegacyCamera/PREVIEW_CameraContract_960x540_8m_Blue.png","6DA698B83E63C91E31BB1523CF1E2DA99BBC94E227341D15E0DE65D702344563","6DA698B83E63C91E31BB1523CF1E2DA99BBC94E227341D15E0DE65D702344563","True"
"Infantry_GameView.png","C:\projects\Unity\AegisRTS.BuildValidation\Infantry_GameView.png","docs/ArtProduction/ReviewPackages/Infantry_Remaster_Review_Package_v001/Screenshots/Existing/Unity/Infantry_GameView.png","1FB99BBFF5618EF4C7BEF1E497A9105F236B12515CECD8277498286E57B6BC0C","1FB99BBFF5618EF4C7BEF1E497A9105F236B12515CECD8277498286E57B6BC0C","True"
"InfantryDetail_Back.png","C:\projects\Unity\AegisRTS.BuildValidation\InfantryDetailReview\InfantryDetail_Back.png","docs/ArtProduction/ReviewPackages/Infantry_Remaster_Review_Package_v001/Screenshots/Existing/Unity/Detail/InfantryDetail_Back.png","E9BE2097BEE69CFF21CCDACAEBAFF8B0C093E224C1E35AF0C71AF9C0FB3725FD","E9BE2097BEE69CFF21CCDACAEBAFF8B0C093E224C1E35AF0C71AF9C0FB3725FD","True"
"InfantryDetail_Front.png","C:\projects\Unity\AegisRTS.BuildValidation\InfantryDetailReview\InfantryDetail_Front.png","docs/ArtProduction/ReviewPackages/Infantry_Remaster_Review_Package_v001/Screenshots/Existing/Unity/Detail/InfantryDetail_Front.png","23A20E9D93F19E09215116B8EFB57C5A22253229302B0880E65FAF286A7E5CBE","23A20E9D93F19E09215116B8EFB57C5A22253229302B0880E65FAF286A7E5CBE","True"
"InfantryDetail_Side.png","C:\projects\Unity\AegisRTS.BuildValidation\InfantryDetailReview\InfantryDetail_Side.png","docs/ArtProduction/ReviewPackages/Infantry_Remaster_Review_Package_v001/Screenshots/Existing/Unity/Detail/InfantryDetail_Side.png","F55F9880578AB76D4A15CA8A36E88D8F63395AFD89219BFE13C95648C8E0061E","F55F9880578AB76D4A15CA8A36E88D8F63395AFD89219BFE13C95648C8E0061E","True"
"InfantryMovePose_00.png","C:\projects\Unity\AegisRTS.BuildValidation\InfantryDetailReview\InfantryMovePose_00.png","docs/ArtProduction/ReviewPackages/Infantry_Remaster_Review_Package_v001/Screenshots/Existing/Unity/Detail/InfantryMovePose_00.png","8B0701BAAFD4B22DEA6B32A3E734468B49BD51EDEBA0044CD84A09A69EE339DC","8B0701BAAFD4B22DEA6B32A3E734468B49BD51EDEBA0044CD84A09A69EE339DC","True"
"InfantryMovePose_01.png","C:\projects\Unity\AegisRTS.BuildValidation\InfantryDetailReview\InfantryMovePose_01.png","docs/ArtProduction/ReviewPackages/Infantry_Remaster_Review_Package_v001/Screenshots/Existing/Unity/Detail/InfantryMovePose_01.png","D0D3AAC710C356E5B9959794E5F6EA310E773630EF24C58B7E15A576C398A333","D0D3AAC710C356E5B9959794E5F6EA310E773630EF24C58B7E15A576C398A333","True"
"InfantryMovePose_02.png","C:\projects\Unity\AegisRTS.BuildValidation\InfantryDetailReview\InfantryMovePose_02.png","docs/ArtProduction/ReviewPackages/Infantry_Remaster_Review_Package_v001/Screenshots/Existing/Unity/Detail/InfantryMovePose_02.png","BDB5C5E1623995ED06C93778D99C4584411343927B9393C4948EA40E00D73CB6","BDB5C5E1623995ED06C93778D99C4584411343927B9393C4948EA40E00D73CB6","True"
"InfantryMovePose_03.png","C:\projects\Unity\AegisRTS.BuildValidation\InfantryDetailReview\InfantryMovePose_03.png","docs/ArtProduction/ReviewPackages/Infantry_Remaster_Review_Package_v001/Screenshots/Existing/Unity/Detail/InfantryMovePose_03.png","44255A598690A00F6E70BD2272C2BDBC79DA0ACA97675244F2BE237593A59A04","44255A598690A00F6E70BD2272C2BDBC79DA0ACA97675244F2BE237593A59A04","True"
"Move_00.png","C:\projects\Unity\AegisRTS.BuildValidation\InfantryMovementReview\Move_00.png","docs/ArtProduction/ReviewPackages/Infantry_Remaster_Review_Package_v001/Screenshots/Existing/Unity/Movement/Move_00.png","DC9A6E5143F8328C3F0F5DEA77909CBD7B738FFAC84ED2420F5BA257BCDF7A9F","DC9A6E5143F8328C3F0F5DEA77909CBD7B738FFAC84ED2420F5BA257BCDF7A9F","True"
"Move_01.png","C:\projects\Unity\AegisRTS.BuildValidation\InfantryMovementReview\Move_01.png","docs/ArtProduction/ReviewPackages/Infantry_Remaster_Review_Package_v001/Screenshots/Existing/Unity/Movement/Move_01.png","C0ADC4671AACADC07BEF79BC3D221A73C0B269B22F5620903FA29981843EDF6B","C0ADC4671AACADC07BEF79BC3D221A73C0B269B22F5620903FA29981843EDF6B","True"
"Move_02.png","C:\projects\Unity\AegisRTS.BuildValidation\InfantryMovementReview\Move_02.png","docs/ArtProduction/ReviewPackages/Infantry_Remaster_Review_Package_v001/Screenshots/Existing/Unity/Movement/Move_02.png","FBADACAF90C0CD8154799CC917698FC801AE20566D7A8F5D24B7EC00F4394F1B","FBADACAF90C0CD8154799CC917698FC801AE20566D7A8F5D24B7EC00F4394F1B","True"
"Move_03.png","C:\projects\Unity\AegisRTS.BuildValidation\InfantryMovementReview\Move_03.png","docs/ArtProduction/ReviewPackages/Infantry_Remaster_Review_Package_v001/Screenshots/Existing/Unity/Movement/Move_03.png","2CBB7A8A4C413D2C7A34701CB286BD578EDE7350976596FEA5974ABF32977789","2CBB7A8A4C413D2C7A34701CB286BD578EDE7350976596FEA5974ABF32977789","True"
"Move_04.png","C:\projects\Unity\AegisRTS.BuildValidation\InfantryMovementReview\Move_04.png","docs/ArtProduction/ReviewPackages/Infantry_Remaster_Review_Package_v001/Screenshots/Existing/Unity/Movement/Move_04.png","01C6272486FA942DBAC627A51F9E739FF86F283488CB2D35DE5E62B74E46C67F","01C6272486FA942DBAC627A51F9E739FF86F283488CB2D35DE5E62B74E46C67F","True"
"Move_05.png","C:\projects\Unity\AegisRTS.BuildValidation\InfantryMovementReview\Move_05.png","docs/ArtProduction/ReviewPackages/Infantry_Remaster_Review_Package_v001/Screenshots/Existing/Unity/Movement/Move_05.png","6AF31DEDCD96B0DCFEAAA55BE6AE94BEF5E4071C4823F2D7A21DC8986A1F43C9","6AF31DEDCD96B0DCFEAAA55BE6AE94BEF5E4071C4823F2D7A21DC8986A1F43C9","True"
"Move_06.png","C:\projects\Unity\AegisRTS.BuildValidation\InfantryMovementReview\Move_06.png","docs/ArtProduction/ReviewPackages/Infantry_Remaster_Review_Package_v001/Screenshots/Existing/Unity/Movement/Move_06.png","305E279555EEDFBC298F3D8C5BB48A9DB1D7DFF9E2D23F94CBB16EDD36129654","305E279555EEDFBC298F3D8C5BB48A9DB1D7DFF9E2D23F94CBB16EDD36129654","True"
"Move_07.png","C:\projects\Unity\AegisRTS.BuildValidation\InfantryMovementReview\Move_07.png","docs/ArtProduction/ReviewPackages/Infantry_Remaster_Review_Package_v001/Screenshots/Existing/Unity/Movement/Move_07.png","9D891D2289F8228319DD594B18A6C254BB899BD1E922CBA08A7491F52B9D12F5","9D891D2289F8228319DD594B18A6C254BB899BD1E922CBA08A7491F52B9D12F5","True"
