"Path","Width","Height","Bytes","SampledColors","SHA256"
"Screenshots/Apose/Apose_SwordGrip_Close.png","768","768","311617","64","0C192DB8961CF7E57019C355B0FD3A06ECC59D7A41446B39617A71ADBB61D35B"
"Screenshots/Apose/Blender_SwordGrip_Close.png","768","768","352809","72","65EFB5E2ED8C5ED360ABCD17EF4C03D0FA1B65C3907860303FDD5BCA8FA1FE42"
"Screenshots/Comparison/P035R2_L1Pose_SwordGrip_Close.png","768","768","242406","29","EAFFD2026BCA4854D431FD9B304C60237B1E34C19C8923FD47FE416D024C53BF"
"Screenshots/Comparison/P035R2_vs_P035R3_L1Pose_Close.png","1536","768","167811","50","71F2D3957E83706288EF12D4276E8ECD3E719C0CB8F21CCF65FBD1AE64D84FD5"
"Screenshots/Follow/SwordFollow_3Q.png","768","768","351651","65","B941CEF16B448E7471CE63A1FEB04F228AEACFCE06AC95C4166948A1CE795732"
"Screenshots/Follow/SwordFollow_Neutral.png","768","768","350415","69","E38595F374FF098159C4082BA06D704744A3BBBA6947D31A0B72D31ED7A9F705"
"Screenshots/Follow/SwordFollow_TestDown.png","768","768","235359","29","8B0EAC9C294CF1BAB9966177334A4C6C53D427EB27BDD96F8A338B5FCF49ADB0"
"Screenshots/Follow/SwordFollow_TestUp.png","768","768","209784","25","AA440BE2D8D91D85A67DF77315982C55C4A165880DEA27AC95E9A0AA5AF277FA"
"Screenshots/Hierarchy/Blender_Hierarchy_RightHand_Sword.png","1200","900","36827","22","F41E4E982304784E0BDB4961006E152065399FD4B604ACDA6AFE1625894ED254"
"Screenshots/Hierarchy/Hierarchy_RightHand_WeaponSocket_SwordRoot.png","1200","900","36827","22","F41E4E982304784E0BDB4961006E152065399FD4B604ACDA6AFE1625894ED254"
"Screenshots/L1Pose/L1Pose_RTS_3Q.png","768","768","390033","83","253CBD3AA90D18BB022E26D38EB9B6E8DE8A863B45124A124AA3D927C356022F"
"Screenshots/L1Pose/L1Pose_SwordGrip_Close.png","768","768","230243","28","941E9D950ABEC9164E35E04E6C1C489573E1492F94C8F7A2EAEE727154A0FBBC"
"Screenshots/Unity/Unity_Apose_Close.png","960","540","158924","104","58FE21AFD47D3EA54FE2ED3901E0E247124CC3E35CAE3114520C09971B74958D"
"Screenshots/Unity/Unity_Hierarchy_RightHand_Sword.png","1200","900","36827","22","F41E4E982304784E0BDB4961006E152065399FD4B604ACDA6AFE1625894ED254"
"Screenshots/Unity/Unity_L1Pose_Close.png","960","540","147194","143","8F5145907E0FD6CC5DE37BE3FEC67AB467455A8ED92BA2C312B348A04D5231E3"
"Screenshots/Unity/Unity_L1Pose_RTS_Normal.png","960","540","78525","103","60FCDC71FA3A4AF99393310D1BE59DE67EB1C5056C90B014DA77ECC5E8553ED6"
"Screenshots/Unity/Unity_L1Pose_SwordGrip_Close.png","960","540","228902","170","4E1E40A42E0BD441F71B6A3147EF2E037DF13C4E103E42F5FB9409541B1F2D24"
"Screenshots/Unity/Unity_SwordFollow_TestDown.png","960","540","233674","174","30DDCA77CF64B1302308FFD2F22553342ED44F309E3C0EDE94AAC22F2109F974"
"Screenshots/Unity/Unity_SwordFollow_TestUp.png","960","540","222920","173","345DD8D1505ADDE5CCE99ADE8FF15DBD247B2B12346C4CD39AB3367B3B7F88D9"
"Screenshots/Unity/Unity_SwordGrip_Close.png","960","540","146232","150","BFE2AD5D52BDD4EC4CF825159F848454A8644284A9820DF4C6EFDE901081C360"
